{"cameraMode":{"drawMode":0,"name":"Shaded","section":"Shading Mode"},"sceneLighting":true,"audioPlay":false,"sceneViewState":{"m_AlwaysRefresh":false,"showFog":true,"showSkybox":true,"showFlares":true,"showImageEffects":true,"showParticleSystems":true,"showVisualEffectGraphs":true,"m_FxEnabled":true},"in2DMode":false,"pivot":{"x":-0.9825013875961304,"y":1.1243523359298707,"z":1.6343554258346558},"rotation":{"x":0.0024124530609697105,"y":0.4422423243522644,"z":0.0011908073211088777,"w":-0.8968955874443054},"size":0.9993410110473633,"orthographic":false}